material,quantity
masonry,0.186342264
asd, 0.04 
dsa,0.379924195
fgasd,0.055225421
hgfd,0.005573907
htgd,0.016419646
dad,0.000104331
rwef,0.317302609
